device,motif_number,power,window_size
Airfryer,1,"[35.4, 35.3, 35.3, 35.387499999999996, 35.5, 35.375, 35.34285714285714, 35.285714285714285, 35.34285714285714, 35.4, 35.3, 35.31428571428571, 35.28333333333333, 35.3, 35.42857142857143, 35.4, 35.324999999999996, 35.28333333333333, 35.291666666666664, 35.3, 35.41428571428571, 35.266666666666666, 35.3125, 35.36666666666667, 35.480000000000004, 35.31666666666666, 35.44, 35.44285714285714, 736.0642857142857, 1436.685714285714]",30
Airfryer,2,"[34.46666666666667, 34.5, 34.53333333333333, 34.56666666666667, 34.6, 34.55714285714286, 34.6, 34.65714285714286, 34.67142857142857, 34.55714285714286, 34.6, 34.650000000000006, 34.65, 34.6, 34.733333333333334, 34.71666666666667, 34.642857142857146, 34.65714285714286, 34.61666666666667, 34.7, 34.7, 34.7125, 34.74285714285714, 34.7, 34.737500000000004, 34.7, 34.75, 34.7, 34.660000000000004, 1495.8999999999999]",30
Airfryer,3,"[735.6285714285714, 34.7, 34.58571428571429, 34.5625, 34.457142857142856, 34.6, 34.55, 34.528571428571425, 34.51428571428571, 34.5, 34.4, 34.516666666666666, 34.48571428571429, 34.542857142857144, 34.6, 34.525, 34.425, 34.349999999999994, 34.5, 34.42857142857143, 34.471428571428575, 34.628571428571426, 34.542857142857144, 34.525, 34.58, 34.542857142857144, 34.41428571428571, 34.48571428571429, 34.471428571428575, 34.480000000000004]",30
Airfryer,4,"[35.775, 35.642857142857146, 35.699999999999996, 35.8, 35.628571428571426, 35.666666666666664, 35.67142857142857, 35.642857142857146, 35.675, 35.8, 35.7, 35.7, 35.86666666666667, 35.666666666666664, 35.63333333333333, 35.71666666666667, 35.800000000000004, 35.714285714285715, 35.614285714285714, 35.871428571428574, 35.833333333333336, 35.725, 35.75714285714286, 35.81428571428571, 35.8, 35.63333333333333, 35.775, 35.766666666666666, 35.75714285714286, 415.0285714285714]",30
Airfryer,5,"[299.8, 34.5, 34.457142857142856, 34.41428571428571, 34.44, 34.385714285714286, 34.38333333333333, 34.3, 34.416666666666664, 34.36666666666667, 34.35, 34.333333333333336, 34.31666666666666, 34.3, 34.166666666666664, 34.271428571428565, 34.3, 34.300000000000004, 34.214285714285715, 34.25, 34.271428571428565, 34.2, 34.239999999999995, 34.29857142857142, 34.357142857142854, 34.25, 34.228571428571435, 34.27142857142857, 34.24285714285714, 34.20892857142857]",30
Kettle,1,"[33.25, 0.0, 0.0, 0.0, 0.0, 0.0, 0.0, 0.0, 0.0, 0.0, 0.0, 0.0, 0.0, 0.0, 0.0, 0.0, 0.0, 0.0, 0.0, 0.0, 0.0, 0.0, 0.0, 0.0, 0.0, 0.0, 0.0, 0.0, 0.0, 0.0]",30
Kettle,2,"[0.0, 0.0, 0.0, 0.0, 0.0, 0.0, 0.0, 0.0, 0.0, 0.0, 0.0, 0.0, 0.0, 0.0, 0.0, 0.0, 0.0, 0.0, 0.0, 0.0, 0.0, 0.0, 0.0, 0.0, 0.0, 0.0, 0.0, 0.0, 0.0, 0.0]",30
Kettle,3,"[0.0, 0.0, 0.0, 0.0, 0.0, 0.0, 0.0, 0.0, 0.0, 0.0, 0.0, 0.0, 0.0, 0.0, 0.0, 0.0, 0.0, 0.0, 0.0, 0.0, 0.0, 0.0, 0.0, 0.0, 0.0, 0.0, 0.0, 0.0, 0.0, 0.0]",30
Kettle,4,"[0.0, 0.0, 0.0, 0.0, 0.0, 0.0, 0.0, 0.0, 0.0, 0.0, 0.0, 0.0, 0.0, 0.0, 0.0, 0.0, 0.0, 0.0, 0.0, 0.0, 0.0, 0.0, 0.0, 0.0, 0.0, 0.0, 0.0, 0.0, 0.0, 0.0]",30
Kettle,5,"[0.0, 0.0, 0.0, 0.0, 0.0, 0.0, 0.0, 0.0, 0.0, 0.0, 0.0, 0.0, 0.0, 0.0, 0.0, 0.0, 0.0, 0.0, 0.0, 0.0, 0.0, 0.0, 0.0, 0.0, 0.0, 0.0, 0.0, 0.0, 0.0, 0.0]",30
Microwave,1,"[10.942857142857141, 0.0, 0.0, 0.0, 0.0, 0.0, 0.0, 0.0, 0.0, 0.0, 0.0, 0.0, 0.0, 0.0, 0.0, 0.0, 0.0, 0.0, 0.0, 0.0, 0.0, 0.0, 0.0, 0.0, 0.0, 0.0, 0.0, 0.0, 0.0, 0.0]",30
Microwave,2,"[0.0, 0.0, 0.0, 0.0, 0.0, 0.0, 0.0, 0.0, 0.0, 0.0, 0.0, 0.0, 0.0, 0.0, 0.0, 0.0, 0.0, 0.0, 0.0, 0.0, 0.0, 0.0, 0.0, 0.0, 0.0, 0.0, 0.0, 0.0, 0.0, 0.0]",30
Microwave,3,"[0.0, 0.0, 0.0, 0.0, 0.0, 0.0, 0.0, 0.0, 0.0, 0.0, 0.0, 0.0, 0.0, 0.0, 0.0, 0.0, 0.0, 0.0, 0.0, 0.0, 0.0, 0.0, 0.0, 0.0, 0.0, 0.0, 0.0, 0.0, 0.0, 0.0]",30
Microwave,4,"[0.0, 0.0, 0.0, 0.0, 0.0, 0.0, 0.0, 0.0, 0.0, 0.0, 0.0, 0.0, 0.0, 0.0, 0.0, 0.0, 0.0, 0.0, 0.0, 0.0, 0.0, 0.0, 0.0, 0.0, 0.0, 0.0, 0.0, 0.0, 0.0, 0.0]",30
Microwave,5,"[0.0, 0.0, 0.0, 0.0, 0.0, 0.0, 0.0, 0.0, 0.0, 0.0, 0.0, 0.0, 0.0, 0.0, 0.0, 0.0, 0.0, 0.0, 0.0, 0.0, 0.0, 0.0, 0.0, 0.0, 0.0, 0.0, 0.0, 0.0, 0.0, 0.0]",30
Hair_straightener,1,"[377.7, 579.6125000000001, 247.20000000000002, 200.85714285714286, 172.67142857142858, 153.325, 139.6, 131.0857142857143, 124.97142857142856, 121.08571428571429, 116.91428571428571, 114.0625, 111.24285714285715, 107.575, 106.7, 103.71428571428571, 102.05, 100.14999999999999, 98.57142857142857, 96.97142857142856, 95.6875, 94.28571428571429, 93.0125, 91.68571428571428, 90.62, 89.62857142857142, 88.54285714285713, 87.63333333333333, 86.61428571428571, 85.65]",30
Hair_straightener,2,"[88.54285714285713, 87.63333333333333, 86.61428571428571, 85.65, 84.68571428571428, 83.98571428571428, 83.05, 82.25714285714287, 81.41428571428571, 80.78750000000001, 80.04285714285713, 79.22500000000001, 78.57142857142857, 77.95714285714287, 77.2875, 76.51428571428572, 75.93333333333334, 75.38571428571429, 74.74285714285715, 74.2125, 73.57142857142857, 72.9875, 72.4, 71.82857142857144, 71.375, 70.95714285714286, 70.34285714285714, 69.875, 69.38571428571429, 69.05]",30
Hair_straightener,3,"[80.78750000000001, 80.04285714285713, 79.22500000000001, 78.57142857142857, 77.95714285714287, 77.2875, 76.51428571428572, 75.93333333333334, 75.38571428571429, 74.74285714285715, 74.2125, 73.57142857142857, 72.9875, 72.4, 71.82857142857144, 71.375, 70.95714285714286, 70.34285714285714, 69.875, 69.38571428571429, 69.05, 68.45714285714286, 46.25, 37.6, 37.6, 37.6, 37.6, 0.3, 0.3, 0.3]",30
Hair_straightener,4,"[73.57142857142857, 72.9875, 72.4, 71.82857142857144, 71.375, 70.95714285714286, 70.34285714285714, 69.875, 69.38571428571429, 69.05, 68.45714285714286, 46.25, 37.6, 37.6, 37.6, 37.6, 0.3, 0.3, 0.3, 0.3, 0.3, 0.2375, 0.2, 0.20000000000000004, 0.2, 0.2, 0.20000000000000004, 0.2, 0.2, 0.2]",30
Hair_straightener,5,"[69.05, 68.45714285714286, 46.25, 37.6, 37.6, 37.6, 37.6, 0.3, 0.3, 0.3, 0.3, 0.3, 0.2375, 0.2, 0.20000000000000004, 0.2, 0.2, 0.20000000000000004, 0.2, 0.2, 0.2, 0.2, 0.2, 0.2, 0.2, 0.20000000000000004, 0.2, 0.2, 0.2, 0.2]",30
Slushi_maker,1,"[44.599999999999994, 44.4, 44.349999999999994, 44.6, 44.56666666666666, 44.4, 44.6, 44.349999999999994, 44.56666666666666, 44.4, 44.599999999999994, 44.6, 44.5, 44.6, 44.25, 44.6, 44.55, 44.43333333333334, 44.8, 44.4, 44.45, 44.55, 44.53333333333333, 44.7, 44.3, 44.65, 44.8, 44.5, 44.9, 844.45]",30
Slushi_maker,2,"[163.60000000000002, 43.6, 43.6, 43.666666666666664, 43.4, 43.55, 43.6, 43.4, 43.4, 43.45, 43.5, 43.6, 43.46666666666667, 43.5, 43.349999999999994, 43.4, 43.5, 43.333333333333336, 43.5, 43.349999999999994, 43.5, 43.46666666666667, 43.599999999999994, 43.55, 43.4, 43.55, 43.333333333333336, 43.35, 43.4, 43.35]",30
Slushi_maker,3,"[163.20000000000002, 163.05, 163.25, 163.39999999999998, 163.36666666666667, 163.45, 163.5, 163.95, 163.45, 163.6, 163.85, 164.05, 163.89999999999998, 163.76666666666665, 164.05, 163.45, 163.55, 163.85, 163.83333333333334, 164.0, 163.65, 164.14999999999998, 164.03333333333333, 163.75, 163.9, 163.85000000000002, 163.95, 163.9, 163.60000000000002, 43.6]",30
Slushi_maker,4,"[278.7, 174.85000000000002, 176.25, 177.63333333333333, 178.75, 180.6, 181.3, 180.70000000000002, 180.64999999999998, 180.0, 179.1, 177.36666666666667, 175.0, 173.7, 171.2, 170.3, 168.33333333333334, 167.4, 166.25, 166.05, 165.36666666666667, 164.25, 163.6, 162.2, 163.0, 161.33333333333334, 161.3, 161.75, 161.2, 161.1]",30
Slushi_maker,5,"[161.4333333333333, 161.85000000000002, 162.25, 161.35, 161.23333333333332, 162.3, 162.4, 161.8, 162.7, 161.73333333333332, 161.89999999999998, 161.4, 162.15, 161.45, 83.16666666666667, 43.85, 43.8, 43.75, 43.833333333333336, 43.7, 43.8, 43.75, 43.800000000000004, 43.6, 43.75, 43.8, 43.6, 43.666666666666664, 43.849999999999994, 43.65]",30
Steamer,1,"[5.0, 5.0, 5.0, 5.0, 5.0, 4.2, 5.0, 853.4, 1681.3333333333333, 1678.3636363636363, 1676.4, 1675.6, 1675.0, 1675.6, 1676.0, 1677.2, 1678.0, 1675.4, 1676.0, 1676.0, 1676.0, 1676.0, 1676.0, 1676.0, 1676.0, 1676.0, 1676.0, 1676.0, 1676.4, 1676.4]",30
Steamer,2,"[1673.0, 1671.8, 1671.0, 1670.6, 1669.0, 1668.0, 1667.0, 1667.0, 1669.0, 1669.0, 1669.0, 1669.0, 1667.0, 1667.0, 1666.3333333333333, 1665.6666666666667, 1665.0, 1665.0, 1664.5555555555557, 1664.4, 1662.4, 1662.0, 1664.2, 969.2, 6.555555555555555, 4.0, 4.444444444444445, 4.0, 4.333333333333333, 4.0]",30
Steamer,3,"[4.0, 4.0, 4.0, 4.0, 4.0, 4.0, 4.0, 4.0, 4.0, 1683.4444444444443, 1678.0, 1675.6153846153845, 1673.75, 1673.0, 1673.0, 1673.0, 1673.0, 1671.4, 1671.3636363636363, 1671.0, 1671.0, 1668.0, 1670.5384615384614, 1671.0, 1671.0, 1671.3076923076924, 1668.0, 1668.076923076923, 1669.1666666666667, 1671.0]",30
Steamer,4,"[1676.0, 1676.0, 1675.5555555555557, 1675.3, 1675.4444444444443, 1676.0, 1675.2727272727273, 1675.0, 1675.6, 1675.4, 1676.0, 1675.4, 1675.8, 1675.0, 1675.0, 1675.0, 1675.0, 1675.0, 1675.0, 1675.0, 1675.0, 1675.0, 848.7777777777778, 5.333333333333333, 4.0, 4.0, 4.0, 4.0, 4.538461538461538, 4.444444444444445]",30
Steamer,5,"[5.0, 5.0, 5.0, 5.0, 5.0, 5.0, 5.0, 1102.8, 1665.888888888889, 1664.4, 1662.0, 1660.0, 1658.0, 1658.5714285714287, 1660.0, 1660.0, 1660.0, 1660.0, 1660.0, 1660.0, 1661.111111111111, 1663.2, 1663.3333333333333, 1662.0, 1662.6666666666667, 1662.0, 1664.0, 1664.0, 1662.8, 1664.2]",30
Airfryer,1,"[35.220000000000006, 35.1, 35.175000000000004, 35.1875, 35.199999999999996, 35.275, 35.271428571428565, 35.25714285714286, 35.1, 35.15833333333333, 35.21666666666667, 35.125, 35.25, 35.142857142857146, 35.2, 35.3, 35.2, 35.3, 35.285714285714285, 35.339999999999996, 35.375, 35.333333333333336, 35.24285714285714, 35.31428571428571, 35.36, 35.357142857142854, 35.34285714285714, 35.3, 35.349999999999994, 35.32, 35.4, 35.3, 35.3, 35.387499999999996, 35.5, 35.375, 35.34285714285714, 35.285714285714285, 35.34285714285714, 35.4, 35.3, 35.31428571428571, 35.28333333333333, 35.3, 35.42857142857143, 35.4, 35.324999999999996, 35.28333333333333, 35.291666666666664, 35.3, 35.41428571428571, 35.266666666666666, 35.3125, 35.36666666666667, 35.480000000000004, 35.31666666666666, 35.44, 35.44285714285714, 736.0642857142857, 1436.685714285714]",60
Airfryer,2,"[34.5, 34.5, 34.471428571428575, 34.519999999999996, 34.650000000000006, 34.528571428571425, 34.483333333333334, 34.525, 34.471428571428575, 34.457142857142856, 34.6, 34.57142857142857, 34.57142857142857, 34.57142857142857, 34.542857142857144, 34.51428571428571, 34.6, 34.519999999999996, 34.6, 34.5875, 34.55714285714286, 34.519999999999996, 34.483333333333334, 34.5, 34.625, 34.525, 34.42, 34.51428571428571, 34.58571428571429, 34.6, 34.46666666666667, 34.5, 34.53333333333333, 34.56666666666667, 34.6, 34.55714285714286, 34.6, 34.65714285714286, 34.67142857142857, 34.55714285714286, 34.6, 34.650000000000006, 34.65, 34.6, 34.733333333333334, 34.71666666666667, 34.642857142857146, 34.65714285714286, 34.61666666666667, 34.7, 34.7, 34.7125, 34.74285714285714, 34.7, 34.737500000000004, 34.7, 34.75, 34.7, 34.660000000000004, 1495.8999999999999]",60
Airfryer,3,"[735.6285714285714, 34.7, 34.58571428571429, 34.5625, 34.457142857142856, 34.6, 34.55, 34.528571428571425, 34.51428571428571, 34.5, 34.4, 34.516666666666666, 34.48571428571429, 34.542857142857144, 34.6, 34.525, 34.425, 34.349999999999994, 34.5, 34.42857142857143, 34.471428571428575, 34.628571428571426, 34.542857142857144, 34.525, 34.58, 34.542857142857144, 34.41428571428571, 34.48571428571429, 34.471428571428575, 34.480000000000004, 34.528571428571425, 34.5, 34.5, 34.471428571428575, 34.519999999999996, 34.650000000000006, 34.528571428571425, 34.483333333333334, 34.525, 34.471428571428575, 34.457142857142856, 34.6, 34.57142857142857, 34.57142857142857, 34.57142857142857, 34.542857142857144, 34.51428571428571, 34.6, 34.519999999999996, 34.6, 34.5875, 34.55714285714286, 34.519999999999996, 34.483333333333334, 34.5, 34.625, 34.525, 34.42, 34.51428571428571, 34.58571428571429]",60
Airfryer,4,"[34.85, 34.92857142857143, 34.91428571428571, 34.9, 34.925, 34.93333333333333, 34.92857142857143, 34.93333333333333, 34.9, 34.9, 34.84285714285714, 34.885714285714286, 34.9, 34.95, 34.949999999999996, 34.971428571428575, 34.916666666666664, 34.85, 35.0, 34.800000000000004, 34.84285714285714, 34.9, 34.94285714285714, 34.88333333333333, 34.849999999999994, 34.81666666666667, 34.8625, 34.9, 34.82857142857143, 34.9, 34.8, 35.0, 34.8, 34.849999999999994, 34.925, 34.9, 34.785714285714285, 34.84285714285714, 34.84285714285714, 34.75, 34.885714285714286, 34.8, 34.8, 34.82, 34.8, 34.84285714285714, 34.875, 34.733333333333334, 34.82857142857143, 34.875, 34.75, 34.916666666666664, 34.82, 34.81666666666667, 34.75, 34.9, 34.857142857142854, 34.7, 38.8, 1519.8]",60
Airfryer,5,"[299.8, 34.5, 34.457142857142856, 34.41428571428571, 34.44, 34.385714285714286, 34.38333333333333, 34.3, 34.416666666666664, 34.36666666666667, 34.35, 34.333333333333336, 34.31666666666666, 34.3, 34.166666666666664, 34.271428571428565, 34.3, 34.300000000000004, 34.214285714285715, 34.25, 34.271428571428565, 34.2, 34.239999999999995, 34.29857142857142, 34.357142857142854, 34.25, 34.228571428571435, 34.27142857142857, 34.24285714285714, 34.20892857142857, 34.175000000000004, 34.17142857142857, 34.175000000000004, 34.13333333333333, 34.18333333333334, 34.1, 34.083333333333336, 34.09166666666667, 34.1, 34.160000000000004, 34.22857142857143, 34.125, 34.15, 34.199999999999996, 34.212500000000006, 34.24285714285714, 34.25, 34.1875, 34.1, 34.22857142857143, 34.214285714285715, 34.17142857142857, 34.266666666666666, 34.275, 34.2175, 34.160000000000004, 34.3, 34.3, 34.233333333333334, 34.239999999999995]",60
Kettle,1,"[33.25, 0.0, 0.0, 0.0, 0.0, 0.0, 0.0, 0.0, 0.0, 0.0, 0.0, 0.0, 0.0, 0.0, 0.0, 0.0, 0.0, 0.0, 0.0, 0.0, 0.0, 0.0, 0.0, 0.0, 0.0, 0.0, 0.0, 0.0, 0.0, 0.0, 0.0, 0.0, 0.0, 0.0, 0.0, 0.0, 0.0, 0.0, 0.0, 0.0, 0.0, 0.0, 0.0, 0.0, 0.0, 0.0, 0.0, 0.0, 0.0, 0.0, 0.0, 0.0, 0.0, 0.0, 0.0, 0.0, 0.0, 0.0, 0.0, 0.0]",60
Kettle,2,"[0.0, 0.0, 0.0, 0.0, 0.0, 0.0, 0.0, 0.0, 0.0, 0.0, 0.0, 0.0, 0.0, 0.0, 0.0, 0.0, 0.0, 0.0, 0.0, 0.0, 0.0, 0.0, 0.0, 0.0, 0.0, 0.0, 0.0, 0.0, 0.0, 0.0, 0.0, 0.0, 0.0, 0.0, 0.0, 0.0, 0.0, 0.0, 0.0, 0.0, 0.0, 0.0, 0.0, 0.0, 0.0, 0.0, 0.0, 0.0, 0.0, 0.0, 0.0, 0.0, 0.0, 0.0, 0.0, 0.0, 0.0, 0.0, 0.0, 0.0]",60
Kettle,3,"[0.0, 0.0, 0.0, 0.0, 0.0, 0.0, 0.0, 0.0, 0.0, 0.0, 0.0, 0.0, 0.0, 0.0, 0.0, 0.0, 0.0, 0.0, 0.0, 0.0, 0.0, 0.0, 0.0, 0.0, 0.0, 0.0, 0.0, 0.0, 0.0, 0.0, 0.0, 0.0, 0.0, 0.0, 0.0, 0.0, 0.0, 0.0, 0.0, 0.0, 0.0, 0.0, 0.0, 0.0, 0.0, 0.0, 0.0, 0.0, 0.0, 0.0, 0.0, 0.0, 0.0, 0.0, 0.0, 0.0, 0.0, 0.0, 0.0, 0.0]",60
Kettle,4,"[0.0, 0.0, 0.0, 0.0, 0.0, 0.0, 0.0, 0.0, 0.0, 0.0, 0.0, 0.0, 0.0, 0.0, 0.0, 0.0, 0.0, 0.0, 0.0, 0.0, 0.0, 0.0, 0.0, 0.0, 0.0, 0.0, 0.0, 0.0, 0.0, 0.0, 0.0, 0.0, 0.0, 0.0, 0.0, 0.0, 0.0, 0.0, 0.0, 0.0, 0.0, 0.0, 0.0, 0.0, 0.0, 0.0, 0.0, 0.0, 0.0, 0.0, 0.0, 0.0, 0.0, 0.0, 0.0, 0.0, 0.0, 0.0, 0.0, 0.0]",60
Kettle,5,"[0.0, 0.0, 0.0, 0.0, 0.0, 0.0, 0.0, 0.0, 0.0, 0.0, 0.0, 0.0, 0.0, 0.0, 0.0, 0.0, 0.0, 0.0, 0.0, 0.0, 0.0, 0.0, 0.0, 0.0, 0.0, 0.0, 0.0, 0.0, 0.0, 0.0, 0.0, 0.0, 0.0, 0.0, 0.0, 0.0, 0.0, 0.0, 0.0, 0.0, 0.0, 0.0, 0.0, 0.0, 0.0, 0.0, 0.0, 0.0, 0.0, 0.0, 0.0, 0.0, 0.0, 0.0, 0.0, 0.0, 0.0, 0.0, 0.0, 0.0]",60
Microwave,1,"[10.942857142857141, 0.0, 0.0, 0.0, 0.0, 0.0, 0.0, 0.0, 0.0, 0.0, 0.0, 0.0, 0.0, 0.0, 0.0, 0.0, 0.0, 0.0, 0.0, 0.0, 0.0, 0.0, 0.0, 0.0, 0.0, 0.0, 0.0, 0.0, 0.0, 0.0, 0.0, 0.0, 0.0, 0.0, 0.0, 0.0, 0.0, 0.0, 0.0, 0.0, 0.0, 0.0, 0.0, 0.0, 0.0, 0.0, 0.0, 0.0, 0.0, 0.0, 0.0, 0.0, 0.0, 0.0, 0.0, 0.0, 0.0, 0.0, 0.0, 0.0]",60
Microwave,2,"[0.0, 0.0, 0.0, 0.0, 0.0, 0.0, 0.0, 0.0, 0.0, 0.0, 0.0, 0.0, 0.0, 0.0, 0.0, 0.0, 0.0, 0.0, 0.0, 0.0, 0.0, 0.0, 0.0, 0.0, 0.0, 0.0, 0.0, 0.0, 0.0, 0.0, 0.0, 0.0, 0.0, 0.0, 0.0, 0.0, 0.0, 0.0, 0.0, 0.0, 0.0, 0.0, 0.0, 0.0, 0.0, 0.0, 0.0, 0.0, 0.0, 0.0, 0.0, 0.0, 0.0, 0.0, 0.0, 0.0, 0.0, 0.0, 0.0, 0.0]",60
Microwave,3,"[0.0, 0.0, 0.0, 0.0, 0.0, 0.0, 0.0, 0.0, 0.0, 0.0, 0.0, 0.0, 0.0, 0.0, 0.0, 0.0, 0.0, 0.0, 0.0, 0.0, 0.0, 0.0, 0.0, 0.0, 0.0, 0.0, 0.0, 0.0, 0.0, 0.0, 0.0, 0.0, 0.0, 0.0, 0.0, 0.0, 0.0, 0.0, 0.0, 0.0, 0.0, 0.0, 0.0, 0.0, 0.0, 0.0, 0.0, 0.0, 0.0, 0.0, 0.0, 0.0, 0.0, 0.0, 0.0, 0.0, 0.0, 0.0, 0.0, 0.0]",60
Microwave,4,"[0.0, 0.0, 0.0, 0.0, 0.0, 0.0, 0.0, 0.0, 0.0, 0.0, 0.0, 0.0, 0.0, 0.0, 0.0, 0.0, 0.0, 0.0, 0.0, 0.0, 0.0, 0.0, 0.0, 0.0, 0.0, 0.0, 0.0, 0.0, 0.0, 0.0, 0.0, 0.0, 0.0, 0.0, 0.0, 0.0, 0.0, 0.0, 0.0, 0.0, 0.0, 0.0, 0.0, 0.0, 0.0, 0.0, 0.0, 0.0, 0.0, 0.0, 0.0, 0.0, 0.0, 0.0, 0.0, 0.0, 0.0, 0.0, 0.0, 0.0]",60
Microwave,5,"[0.0, 0.0, 0.0, 0.0, 0.0, 0.0, 0.0, 0.0, 0.0, 0.0, 0.0, 0.0, 0.0, 0.0, 0.0, 0.0, 0.0, 0.0, 0.0, 0.0, 0.0, 0.0, 0.0, 0.0, 0.0, 0.0, 0.0, 0.0, 0.0, 0.0, 0.0, 0.0, 0.0, 0.0, 0.0, 0.0, 0.0, 0.0, 0.0, 0.0, 0.0, 0.0, 0.0, 0.0, 0.0, 0.0, 0.0, 0.0, 0.0, 0.0, 0.0, 0.0, 0.0, 0.0, 0.0, 0.0, 0.0, 0.0, 0.0, 0.0]",60
Hair_straightener,1,"[127.07142857142857, 122.31666666666666, 118.61428571428571, 115.17999999999999, 111.98571428571428, 109.28571428571429, 106.63333333333333, 104.98333333333333, 102.51666666666667, 100.69999999999999, 98.93333333333334, 97.7, 96.14285714285714, 94.72857142857143, 93.46666666666665, 92.55, 91.35714285714286, 90.25714285714285, 89.11666666666667, 88.31428571428572, 87.25, 86.37142857142858, 85.39999999999999, 84.64, 83.82857142857142, 83.0, 82.2, 81.45, 80.68571428571428, 80.01428571428572, 79.2, 78.71666666666665, 77.98571428571428, 77.33333333333333, 76.55, 76.05, 75.46666666666667, 74.88571428571429, 74.13333333333334, 73.60000000000001, 73.10000000000001, 72.64999999999999, 72.11428571428571, 71.51428571428572, 70.96666666666667, 70.54285714285713, 70.06666666666668, 69.61428571428571, 69.15714285714286, 68.78333333333333, 68.44285714285715, 67.98571428571428, 67.45714285714286, 67.10000000000001, 66.75, 66.34285714285714, 65.9, 65.51666666666667, 65.21428571428571, 64.92857142857143]",60
Hair_straightener,2,"[73.75714285714285, 73.2375, 72.74285714285715, 72.10000000000001, 71.4875, 71.05714285714286, 70.71428571428571, 70.25, 69.65714285714286, 69.15714285714286, 68.75714285714285, 68.37142857142858, 67.9125, 67.52857142857142, 67.21428571428571, 66.77142857142857, 66.3875, 65.9, 65.51428571428572, 65.1875, 64.83333333333333, 62.08571428571429, 32.2125, 1.4, 1.4, 1.4, 1.4, 1.4, 0.8857142857142856, 0.2, 0.2, 0.2, 0.20000000000000004, 0.2, 0.2, 0.2, 0.2, 0.2, 0.2, 0.2, 0.2, 0.2, 0.2, 0.2, 0.2, 0.2, 0.2, 0.2, 0.2, 0.2, 0.2, 0.2, 0.2, 0.2, 0.2, 0.2, 0.20000000000000004, 0.20000000000000004, 0.2, 587.1]",60
Hair_straightener,3,"[84.82857142857142, 83.97142857142856, 83.11428571428571, 82.45, 81.61428571428571, 80.81428571428572, 80.3, 79.45714285714287, 78.68571428571428, 78.1, 77.41428571428571, 76.75714285714285, 76.3125, 75.68571428571428, 74.89999999999999, 74.35, 73.75714285714285, 73.2375, 72.74285714285715, 72.10000000000001, 71.4875, 71.05714285714286, 70.71428571428571, 70.25, 69.65714285714286, 69.15714285714286, 68.75714285714285, 68.37142857142858, 67.9125, 67.52857142857142, 67.21428571428571, 66.77142857142857, 66.3875, 65.9, 65.51428571428572, 65.1875, 64.83333333333333, 62.08571428571429, 32.2125, 1.4, 1.4, 1.4, 1.4, 1.4, 0.8857142857142856, 0.2, 0.2, 0.2, 0.20000000000000004, 0.2, 0.2, 0.2, 0.2, 0.2, 0.2, 0.2, 0.2, 0.2, 0.2, 0.2]",60
Hair_straightener,4,"[86.89999999999999, 85.67142857142858, 84.64999999999999, 83.58571428571429, 82.51428571428572, 81.60000000000001, 80.63333333333334, 79.8, 79.05, 78.45714285714287, 77.48571428571428, 76.88333333333333, 76.27142857142857, 75.62857142857142, 75.01666666666667, 74.44285714285715, 73.88571428571429, 73.17142857142858, 72.83333333333333, 72.21428571428571, 71.81428571428572, 71.14285714285714, 70.72, 70.14999999999999, 69.71428571428571, 50.48571428571428, 36.8, 36.8, 36.8, 36.8, 10.728571428571428, 0.3, 0.3, 0.3, 0.3, 0.3, 0.3, 0.2, 0.20000000000000004, 0.2, 0.2, 0.20000000000000004, 0.20000000000000004, 0.2, 0.20000000000000004, 0.2, 0.2, 0.2, 0.20000000000000004, 0.2, 0.20000000000000004, 0.2, 0.2, 0.20000000000000004, 0.2, 0.2, 0.20000000000000004, 0.2, 0.2, 0.20000000000000004]",60
Hair_straightener,5,"[847.68, 254.72857142857143, 199.35, 170.1142857142857, 151.1125, 137.97142857142856, 129.3857142857143, 123.88571428571427, 118.68571428571428, 115.1, 111.0, 110.0, 106.525, 104.35714285714286, 102.01428571428572, 100.06666666666666, 98.1, 96.60000000000001, 95.03333333333335, 93.8125, 92.31428571428572, 91.10000000000001, 90.0625, 88.86666666666667, 87.85, 86.93333333333334, 85.78571428571429, 84.89999999999999, 84.0, 83.31428571428572, 82.42857142857143, 81.575, 80.81428571428572, 80.075, 79.1875, 78.71428571428571, 77.94285714285715, 77.3875, 76.68571428571428, 76.02857142857144, 75.3, 74.74285714285715, 74.175, 73.60000000000001, 73.0, 72.45, 71.8, 71.4, 70.975, 70.375, 69.84285714285714, 69.35714285714286, 68.91428571428571, 68.525, 68.04285714285713, 67.575, 32.614285714285714, 27.1, 27.1, 27.1]",60
Slushi_maker,1,"[44.849999999999994, 44.75, 44.7, 44.699999999999996, 44.4, 44.7, 44.55, 44.53333333333333, 44.7, 44.4, 44.75, 44.6, 44.55, 44.8, 44.6, 44.8, 44.63333333333333, 44.55, 44.7, 44.55, 44.70000000000001, 44.4, 44.7, 44.7, 44.650000000000006, 44.46666666666667, 44.3, 44.400000000000006, 44.599999999999994, 44.4, 44.599999999999994, 44.4, 44.349999999999994, 44.6, 44.56666666666666, 44.4, 44.6, 44.349999999999994, 44.56666666666666, 44.4, 44.599999999999994, 44.6, 44.5, 44.6, 44.25, 44.6, 44.55, 44.43333333333334, 44.8, 44.4, 44.45, 44.55, 44.53333333333333, 44.7, 44.3, 44.65, 44.8, 44.5, 44.9, 844.45]",60
Slushi_maker,2,"[163.60000000000002, 43.6, 43.6, 43.666666666666664, 43.4, 43.55, 43.6, 43.4, 43.4, 43.45, 43.5, 43.6, 43.46666666666667, 43.5, 43.349999999999994, 43.4, 43.5, 43.333333333333336, 43.5, 43.349999999999994, 43.5, 43.46666666666667, 43.599999999999994, 43.55, 43.4, 43.55, 43.333333333333336, 43.35, 43.4, 43.35, 43.46666666666667, 43.3, 43.3, 43.349999999999994, 43.3, 43.26666666666667, 43.3, 43.349999999999994, 43.3, 43.333333333333336, 43.45, 43.400000000000006, 43.55, 43.4, 43.4, 43.4, 43.55, 43.5, 43.5, 43.5, 43.55, 43.4, 43.5, 43.4, 43.7, 43.45, 43.65, 43.666666666666664, 43.45, 43.75]",60
Slushi_maker,3,"[160.95, 161.13333333333335, 161.55, 160.3, 160.89999999999998, 161.6, 160.85, 161.25, 161.25, 160.35, 161.33333333333334, 161.14999999999998, 161.3, 161.39999999999998, 161.4333333333333, 161.85000000000002, 162.25, 161.35, 161.23333333333332, 162.3, 162.4, 161.8, 162.7, 161.73333333333332, 161.89999999999998, 161.4, 162.15, 161.45, 83.16666666666667, 43.85, 43.8, 43.75, 43.833333333333336, 43.7, 43.8, 43.75, 43.800000000000004, 43.6, 43.75, 43.8, 43.6, 43.666666666666664, 43.849999999999994, 43.65, 43.8, 43.63333333333333, 43.75, 43.650000000000006, 43.7, 43.650000000000006, 43.666666666666664, 43.5, 43.75, 43.65, 43.53333333333333, 43.5, 43.75, 43.5, 43.6, 43.46666666666667]",60
Slushi_maker,4,"[160.35, 160.8, 160.2, 160.6, 160.35000000000002, 161.5, 160.5, 161.20000000000002, 161.2, 160.33333333333334, 161.2, 160.25, 160.73333333333335, 160.5, 160.75, 161.75, 160.95, 161.13333333333335, 161.55, 160.3, 160.89999999999998, 161.6, 160.85, 161.25, 161.25, 160.35, 161.33333333333334, 161.14999999999998, 161.3, 161.39999999999998, 161.4333333333333, 161.85000000000002, 162.25, 161.35, 161.23333333333332, 162.3, 162.4, 161.8, 162.7, 161.73333333333332, 161.89999999999998, 161.4, 162.15, 161.45, 83.16666666666667, 43.85, 43.8, 43.75, 43.833333333333336, 43.7, 43.8, 43.75, 43.800000000000004, 43.6, 43.75, 43.8, 43.6, 43.666666666666664, 43.849999999999994, 43.65]",60
Slushi_maker,5,"[175.96666666666667, 178.0, 179.1, 181.05, 182.2, 182.63333333333333, 182.89999999999998, 182.35000000000002, 181.55, 180.36666666666667, 178.95, 177.45, 175.25, 173.6, 171.53333333333333, 170.35, 169.65, 168.5, 167.79999999999998, 166.45, 165.89999999999998, 164.95, 164.6, 163.4, 163.4, 163.2, 162.3, 162.66666666666666, 161.75, 161.8, 161.14999999999998, 161.5666666666667, 160.7, 161.6, 160.4, 160.9, 159.9333333333333, 160.2, 160.85000000000002, 159.39999999999998, 159.89999999999998, 158.9333333333333, 159.15, 159.9, 159.8, 158.93333333333334, 159.95, 158.7, 159.8, 159.75, 159.4, 158.8, 159.0, 160.0, 159.20000000000002, 159.6, 159.5, 159.15, 159.63333333333333, 159.25]",60
Steamer,1,"[1671.0, 1670.5555555555557, 1667.2, 1665.0, 1666.3333333333333, 1667.6666666666667, 1669.0, 1669.0, 1669.3636363636363, 1670.0, 1669.6666666666667, 1669.3333333333333, 1669.0, 1669.8, 1671.0, 1671.0, 1671.0, 1671.0, 1671.0, 1671.4, 1671.0, 1671.0, 1671.0, 1671.0, 1671.0, 1671.0, 1670.111111111111, 1670.4, 1669.3333333333333, 1670.4, 1669.6, 1669.6, 1666.5, 1669.0, 1669.0, 470.1818181818182, 4.625, 4.7, 4.5, 4.375, 4.4, 5.0, 4.555555555555555, 21.444444444444443, 1667.090909090909, 1676.111111111111, 1675.0, 1673.4, 1673.0, 1673.0, 1670.6, 1673.0, 1671.6666666666667, 1671.0, 1671.0, 1670.4444444444443, 1669.888888888889, 1669.3333333333333, 1670.5555555555557, 1671.0]",60
Steamer,2,"[1675.4444444444443, 1676.0, 1675.2727272727273, 1675.0, 1675.6, 1675.4, 1676.0, 1675.4, 1675.8, 1675.0, 1675.0, 1675.0, 1675.0, 1675.0, 1675.0, 1675.0, 1675.0, 1675.0, 848.7777777777778, 5.333333333333333, 4.0, 4.0, 4.0, 4.0, 4.538461538461538, 4.444444444444445, 1092.6666666666667, 1682.6666666666667, 1680.3636363636363, 1678.4, 1676.1818181818182, 1676.0, 1676.0, 1676.0, 1676.0, 1675.5555555555557, 1676.0, 1676.0, 1676.0, 1676.0, 1676.0, 1676.0, 1678.0, 1677.6, 1676.0, 1677.2, 1678.0, 1676.7272727272727, 1676.0, 1676.0, 1676.0, 1676.0, 1676.0, 1676.0, 1676.0, 1676.0, 1676.0, 1675.6153846153845, 1676.0, 1676.0]",60
Steamer,3,"[1660.0, 1660.0, 1660.0, 1660.0, 1660.0, 1661.111111111111, 1663.2, 1663.3333333333333, 1662.0, 1662.6666666666667, 1662.0, 1664.0, 1664.0, 1662.8, 1664.2, 1664.5, 1664.0, 1664.0, 1664.5, 1665.0, 1665.0, 1665.0, 1665.4, 1664.2, 1664.2222222222222, 1664.2, 905.725, 147.25, 4.4, 5.0, 4.8, 5.0, 5.0, 5.0, 5.0, 1116.2, 1666.2, 1664.3333333333333, 1664.0, 1664.0, 1664.0, 1662.6666666666667, 1661.75, 1660.4, 1662.0, 1663.6666666666667, 1665.3333333333333, 1667.0, 1667.0, 1667.0, 1669.4444444444443, 1667.0, 1666.111111111111, 1667.0, 1667.0, 1667.4, 1668.2, 1669.0, 1669.0, 1668.6]",60
Steamer,4,"[1682.0, 1680.0, 1677.6, 1678.0, 1675.6, 1676.0, 1675.6, 1676.0, 1676.0, 1676.4, 1676.0, 1676.0, 1676.0, 1676.0, 1675.8, 1675.8, 1675.8, 1675.2, 1673.8, 1671.0, 1671.0, 1671.0, 1671.0, 1667.8, 87.33333333333333, 5.0, 5.0, 5.0, 5.0, 5.0, 4.2, 5.0, 853.4, 1681.3333333333333, 1678.3636363636363, 1676.4, 1675.6, 1675.0, 1675.6, 1676.0, 1677.2, 1678.0, 1675.4, 1676.0, 1676.0, 1676.0, 1676.0, 1676.0, 1676.0, 1676.0, 1676.0, 1676.0, 1676.0, 1676.4, 1676.4, 1676.0, 1675.2, 1675.0, 1675.2, 1676.0]",60
Steamer,5,"[1673.0, 1673.0, 1673.0, 1673.0, 1673.0, 1673.0, 1673.0, 1673.0, 1673.0, 1673.0, 1673.0, 1673.6, 1674.2, 1672.6363636363637, 1672.6, 1672.4545454545455, 1671.0, 1671.0, 1670.5555555555557, 1667.2, 1665.0, 1666.3333333333333, 1667.6666666666667, 1669.0, 1669.0, 1669.3636363636363, 1670.0, 1669.6666666666667, 1669.3333333333333, 1669.0, 1669.8, 1671.0, 1671.0, 1671.0, 1671.0, 1671.0, 1671.4, 1671.0, 1671.0, 1671.0, 1671.0, 1671.0, 1671.0, 1670.111111111111, 1670.4, 1669.3333333333333, 1670.4, 1669.6, 1669.6, 1666.5, 1669.0, 1669.0, 470.1818181818182, 4.625, 4.7, 4.5, 4.375, 4.4, 5.0, 4.555555555555555]",60
Airfryer,1,"[35.2, 35.150000000000006, 35.11666666666667, 35.142857142857146, 35.175000000000004, 35.225, 35.13333333333333, 35.19166666666666, 35.25, 35.166666666666664, 35.2, 35.160000000000004, 35.25714285714286, 35.17142857142857, 35.1, 35.1, 35.220000000000006, 35.1, 35.175000000000004, 35.1875, 35.199999999999996, 35.275, 35.271428571428565, 35.25714285714286, 35.1, 35.15833333333333, 35.21666666666667, 35.125, 35.25, 35.142857142857146, 35.2, 35.3, 35.2, 35.3, 35.285714285714285, 35.339999999999996, 35.375, 35.333333333333336, 35.24285714285714, 35.31428571428571, 35.36, 35.357142857142854, 35.34285714285714, 35.3, 35.349999999999994, 35.32, 35.4, 35.3, 35.3, 35.387499999999996, 35.5, 35.375, 35.34285714285714, 35.285714285714285, 35.34285714285714, 35.4, 35.3, 35.31428571428571, 35.28333333333333, 35.3, 35.42857142857143, 35.4, 35.324999999999996, 35.28333333333333, 35.291666666666664, 35.3, 35.41428571428571, 35.266666666666666, 35.3125, 35.36666666666667, 35.480000000000004, 35.31666666666666, 35.44, 35.44285714285714, 736.0642857142857, 1436.685714285714, 1554.9199999999998, 1553.8, 1553.0, 1552.75, 1551.5, 1549.9, 1549.9, 1549.9, 1549.2142857142858, 1548.3, 1547.6333333333332, 1546.9666666666665, 1546.7, 1546.7, 1545.2, 1544.5142857142857, 1543.6, 1543.6, 1543.6, 1543.6, 1542.8, 1542.0, 1542.0, 1542.0, 1542.0, 1542.0, 1541.625, 1540.5, 1540.5, 1540.5, 1540.5, 1539.8600000000001, 1539.22, 1538.9, 1538.5785714285716, 1538.257142857143, 1537.4000000000003, 1536.7142857142858, 1535.8, 1535.1571428571428, 1535.8, 1535.3, 1534.3, 1534.3]",120
Airfryer,2,"[1556.2, 1554.8285714285714, 1554.6, 1554.6, 1553.4, 1553.0, 1553.9142857142856, 1552.25, 1551.5, 1552.5, 1552.7857142857142, 1552.357142857143, 1550.4333333333334, 1550.357142857143, 1549.4428571428573, 1548.3, 1548.6200000000001, 1548.3, 1547.34, 1546.7, 1546.7, 1544.7285714285715, 1543.6, 1543.0666666666666, 1544.0, 1543.142857142857, 1544.7428571428572, 1544.7428571428572, 1543.0, 1542.0, 1542.0, 1540.875, 1540.5, 1540.9285714285713, 1541.4, 1538.257142857143, 1536.3333333333333, 1536.0285714285715, 1535.8, 1535.8, 1535.8, 1534.8625, 253.60000000000002, 34.371428571428574, 34.233333333333334, 34.3, 34.233333333333334, 34.4, 34.239999999999995, 34.325, 34.31428571428571, 34.17142857142857, 34.3, 34.3, 34.260000000000005, 34.285714285714285, 34.199999999999996, 34.3, 34.300000000000004, 34.228571428571435, 34.28333333333333, 34.3125, 34.279999999999994, 34.271428571428565, 34.271428571428565, 34.28333333333333, 34.25714285714285, 34.34285714285714, 34.42857142857143, 34.3, 34.4, 34.275, 34.27142857142857, 34.42857142857143, 34.357142857142854, 34.271428571428565, 34.266666666666666, 34.32, 34.285714285714285, 34.275, 34.333333333333336, 34.36666666666667, 34.37777777777778, 34.388888888888886, 34.4, 34.36666666666667, 34.357142857142854, 34.357142857142854, 34.25714285714286, 34.339999999999996, 34.375, 34.38333333333333, 34.391666666666666, 34.4, 34.4, 34.3, 34.32857142857143, 34.41428571428571, 34.357142857142854, 34.357142857142854, 34.475, 34.4, 34.38333333333333, 34.36666666666667, 34.528571428571425, 34.56, 34.4, 34.31428571428571, 34.44285714285714, 34.483333333333334, 34.349999999999994, 34.349999999999994, 34.339999999999996, 34.45, 34.379999999999995, 34.425, 34.51428571428571, 34.385714285714286, 34.48571428571429, 34.471428571428575]",120
Airfryer,3,"[1557.8, 1556.2, 1555.5142857142857, 1554.6, 1553.0, 1552.5, 1553.0, 1552.7857142857142, 1551.5, 1550.814285714286, 1550.4333333333334, 1549.3666666666668, 1549.9, 1549.5800000000002, 1548.3, 1548.3, 1546.7, 1546.7, 1545.2, 1545.2, 1545.2, 1544.6666666666667, 1544.24, 1543.3714285714284, 1542.8, 1542.6399999999999, 1542.3200000000002, 1542.0, 1540.5, 1540.5, 1539.3000000000002, 1537.7, 1537.4, 1537.4, 1535.8, 1535.8, 1535.8, 1535.5, 1534.3, 1534.3, 1533.02, 1532.7, 1535.8200000000002, 1531.95, 1528.5, 1526.6, 1526.142857142857, 1525.2285714285715, 1525.7542857142857, 1526.28, 1525.0, 1525.0, 1525.0, 1525.0, 1524.7, 1523.8, 911.8, 299.8, 34.5, 34.457142857142856, 34.41428571428571, 34.44, 34.385714285714286, 34.38333333333333, 34.3, 34.416666666666664, 34.36666666666667, 34.35, 34.333333333333336, 34.31666666666666, 34.3, 34.166666666666664, 34.271428571428565, 34.3, 34.300000000000004, 34.214285714285715, 34.25, 34.271428571428565, 34.2, 34.239999999999995, 34.29857142857142, 34.357142857142854, 34.25, 34.228571428571435, 34.27142857142857, 34.24285714285714, 34.20892857142857, 34.175000000000004, 34.17142857142857, 34.175000000000004, 34.13333333333333, 34.18333333333334, 34.1, 34.083333333333336, 34.09166666666667, 34.1, 34.160000000000004, 34.22857142857143, 34.125, 34.15, 34.199999999999996, 34.212500000000006, 34.24285714285714, 34.25, 34.1875, 34.1, 34.22857142857143, 34.214285714285715, 34.17142857142857, 34.266666666666666, 34.275, 34.2175, 34.160000000000004, 34.3, 34.3, 34.233333333333334, 34.239999999999995, 34.225, 34.25, 34.265]",120
Airfryer,4,"[1555.6666666666667, 1554.142857142857, 1553.0, 1552.357142857143, 1551.5, 1550.9666666666665, 1550.357142857143, 1549.4428571428573, 1548.3, 1547.3857142857144, 1546.45, 1546.2714285714285, 1546.45, 1549.1000000000001, 1548.3, 1547.5, 1547.2333333333333, 1546.9666666666667, 1546.7, 1548.3, 1548.3, 1546.7, 1545.7, 1545.2, 1544.8799999999999, 1544.0571428571427, 1543.142857142857, 1545.2, 1543.8285714285714, 1542.0, 1542.0, 1542.0, 1541.625, 1540.5, 1540.5, 1540.042857142857, 1539.5857142857144, 1539.814285714286, 1540.4714285714285, 1542.0, 1540.5, 1163.9875, 787.475, 410.9625000000001, 34.45, 34.416666666666664, 34.53333333333333, 34.4, 34.43333333333333, 34.46666666666667, 34.5, 34.46666666666667, 34.46666666666667, 34.48571428571429, 34.6, 34.5, 34.44, 34.6, 34.53333333333333, 34.55, 34.5, 34.528571428571425, 34.53333333333333, 34.55714285714286, 34.542857142857144, 34.57142857142857, 34.43333333333333, 34.519999999999996, 34.371428571428574, 34.271428571428565, 34.233333333333334, 34.34285714285714, 34.471428571428575, 34.46666666666667, 34.385714285714286, 34.38333333333333, 34.385714285714286, 34.471428571428575, 34.6, 34.44, 34.32857142857143, 34.266666666666666, 34.28333333333333, 34.3, 34.32857142857143, 34.31428571428571, 34.28333333333333, 34.35, 34.31428571428571, 34.339999999999996, 34.3, 34.34285714285714, 34.31428571428571, 34.41428571428571, 34.36666666666667, 34.4, 34.457142857142856, 34.42857142857143, 34.55, 34.471428571428575, 34.457142857142856, 34.51428571428571, 34.41428571428571, 34.4375, 34.56666666666667, 34.5125, 34.42857142857143, 34.43333333333333, 34.5, 34.4, 34.43333333333333, 34.528571428571425, 34.5, 34.550000000000004, 34.6, 34.45, 34.528571428571425, 34.550000000000004, 34.51428571428571, 34.56666666666667]",120
Airfryer,5,"[34.385714285714286, 34.32857142857143, 34.27142857142857, 34.333333333333336, 34.285714285714285, 34.31428571428571, 34.34285714285714, 34.371428571428574, 34.385714285714286, 34.3, 34.2, 34.285714285714285, 34.2, 34.25714285714286, 34.228571428571435, 34.285714285714285, 34.32857142857143, 34.214285714285715, 34.31428571428571, 34.285714285714285, 34.275, 34.228571428571435, 34.15714285714286, 34.28, 34.279999999999994, 34.28, 34.25, 34.275, 0.0, 0.0, 668.0857142857143, 1555.6666666666667, 1554.142857142857, 1553.0, 1552.357142857143, 1551.5, 1550.9666666666665, 1550.357142857143, 1549.4428571428573, 1548.3, 1547.3857142857144, 1546.45, 1546.2714285714285, 1546.45, 1549.1000000000001, 1548.3, 1547.5, 1547.2333333333333, 1546.9666666666667, 1546.7, 1548.3, 1548.3, 1546.7, 1545.7, 1545.2, 1544.8799999999999, 1544.0571428571427, 1543.142857142857, 1545.2, 1543.8285714285714, 1542.0, 1542.0, 1542.0, 1541.625, 1540.5, 1540.5, 1540.042857142857, 1539.5857142857144, 1539.814285714286, 1540.4714285714285, 1542.0, 1540.5, 1163.9875, 787.475, 410.9625000000001, 34.45, 34.416666666666664, 34.53333333333333, 34.4, 34.43333333333333, 34.46666666666667, 34.5, 34.46666666666667, 34.46666666666667, 34.48571428571429, 34.6, 34.5, 34.44, 34.6, 34.53333333333333, 34.55, 34.5, 34.528571428571425, 34.53333333333333, 34.55714285714286, 34.542857142857144, 34.57142857142857, 34.43333333333333, 34.519999999999996, 34.371428571428574, 34.271428571428565, 34.233333333333334, 34.34285714285714, 34.471428571428575, 34.46666666666667, 34.385714285714286, 34.38333333333333, 34.385714285714286, 34.471428571428575, 34.6, 34.44, 34.32857142857143, 34.266666666666666, 34.28333333333333, 34.3, 34.32857142857143, 34.31428571428571, 34.28333333333333, 34.35, 34.31428571428571]",120
Kettle,1,"[33.25, 0.0, 0.0, 0.0, 0.0, 0.0, 0.0, 0.0, 0.0, 0.0, 0.0, 0.0, 0.0, 0.0, 0.0, 0.0, 0.0, 0.0, 0.0, 0.0, 0.0, 0.0, 0.0, 0.0, 0.0, 0.0, 0.0, 0.0, 0.0, 0.0, 0.0, 0.0, 0.0, 0.0, 0.0, 0.0, 0.0, 0.0, 0.0, 0.0, 0.0, 0.0, 0.0, 0.0, 0.0, 0.0, 0.0, 0.0, 0.0, 0.0, 0.0, 0.0, 0.0, 0.0, 0.0, 0.0, 0.0, 0.0, 0.0, 0.0, 0.0, 0.0, 0.0, 0.0, 0.0, 0.0, 0.0, 0.0, 0.0, 0.0, 0.0, 0.0, 0.0, 0.0, 0.0, 0.0, 0.0, 0.0, 0.0, 0.0, 0.0, 0.0, 0.0, 0.0, 0.0, 0.0, 0.0, 0.0, 0.0, 0.0, 0.0, 0.0, 0.0, 0.0, 0.0, 0.0, 0.0, 0.0, 0.0, 0.0, 0.0, 0.0, 0.0, 0.0, 0.0, 0.0, 0.0, 0.0, 0.0, 0.0, 0.0, 0.0, 0.0, 0.0, 0.0, 0.0, 0.0, 0.0, 0.0, 0.0]",120
Kettle,2,"[0.0, 0.0, 0.0, 0.0, 0.0, 0.0, 0.0, 0.0, 0.0, 0.0, 0.0, 0.0, 0.0, 0.0, 0.0, 0.0, 0.0, 0.0, 0.0, 0.0, 0.0, 0.0, 0.0, 0.0, 0.0, 0.0, 0.0, 0.0, 0.0, 0.0, 0.0, 0.0, 0.0, 0.0, 0.0, 0.0, 0.0, 0.0, 0.0, 0.0, 0.0, 0.0, 0.0, 0.0, 0.0, 0.0, 0.0, 0.0, 0.0, 0.0, 0.0, 0.0, 0.0, 0.0, 0.0, 0.0, 0.0, 0.0, 0.0, 0.0, 0.0, 0.0, 0.0, 0.0, 0.0, 0.0, 0.0, 0.0, 0.0, 0.0, 0.0, 0.0, 0.0, 0.0, 0.0, 0.0, 0.0, 0.0, 0.0, 0.0, 0.0, 0.0, 0.0, 0.0, 0.0, 0.0, 0.0, 0.0, 0.0, 0.0, 0.0, 0.0, 0.0, 0.0, 0.0, 0.0, 0.0, 0.0, 0.0, 0.0, 0.0, 0.0, 0.0, 0.0, 0.0, 0.0, 0.0, 0.0, 0.0, 0.0, 0.0, 0.0, 0.0, 0.0, 0.0, 0.0, 0.0, 0.0, 0.0, 794.157142857143]",120
Kettle,3,"[2117.3, 2116.8, 2117.6571428571433, 2116.8, 2116.8, 2117.3, 2116.8, 2116.8, 2114.7285714285713, 2115.1428571428573, 2116.8, 2116.8, 2118.8, 2118.514285714286, 2118.514285714286, 2116.8, 2116.8, 2116.8, 2116.8, 2116.8, 2116.8, 2116.8, 2116.8, 2116.8, 2116.8, 2114.3833333333337, 2116.316666666667, 2116.8, 2116.8, 2116.8, 2115.9714285714285, 2116.8, 2116.8, 2116.316666666667, 2113.0714285714284, 2113.9, 2113.9, 2114.7285714285713, 2115.35, 2117.2285714285717, 2115.35, 924.25, 39.9, 33.25, 0.0, 0.0, 0.0, 0.0, 0.0, 0.0, 0.0, 0.0, 0.0, 0.0, 0.0, 0.0, 0.0, 0.0, 0.0, 0.0, 0.0, 0.0, 0.0, 0.0, 0.0, 0.0, 0.0, 0.0, 0.0, 0.0, 0.0, 0.0, 0.0, 0.0, 0.0, 0.0, 0.0, 0.0, 0.0, 0.0, 0.0, 0.0, 0.0, 0.0, 0.0, 0.0, 0.0, 0.0, 0.0, 0.0, 0.0, 0.0, 0.0, 0.0, 0.0, 0.0, 0.0, 0.0, 0.0, 0.0, 0.0, 0.0, 0.0, 0.0, 0.0, 0.0, 0.0, 0.0, 0.0, 0.0, 0.0, 0.0, 0.0, 0.0, 0.0, 0.0, 0.0, 0.0, 0.0, 0.0]",120
Kettle,4,"[2121.54, 2122.7, 2120.766666666667, 2119.8, 2119.8, 2118.8, 2118.514285714286, 2118.8, 2119.8, 2118.8, 2116.8, 2116.8, 2116.8, 2114.7285714285713, 2112.9333333333334, 2113.9, 2114.866666666667, 2113.9, 2112.2428571428572, 2111.0, 2111.828571428571, 2113.9, 2113.9, 2113.9, 2113.9, 2113.32, 2113.9, 2113.9, 2115.9714285714285, 2119.8, 2119.8, 2117.3, 2116.8, 2117.6571428571433, 2116.8, 2116.8, 2117.3, 2116.8, 2116.8, 2114.7285714285713, 2115.1428571428573, 2116.8, 2116.8, 2118.8, 2118.514285714286, 2118.514285714286, 2116.8, 2116.8, 2116.8, 2116.8, 2116.8, 2116.8, 2116.8, 2116.8, 2116.8, 2116.8, 2114.3833333333337, 2116.316666666667, 2116.8, 2116.8, 2116.8, 2115.9714285714285, 2116.8, 2116.8, 2116.316666666667, 2113.0714285714284, 2113.9, 2113.9, 2114.7285714285713, 2115.35, 2117.2285714285717, 2115.35, 924.25, 39.9, 33.25, 0.0, 0.0, 0.0, 0.0, 0.0, 0.0, 0.0, 0.0, 0.0, 0.0, 0.0, 0.0, 0.0, 0.0, 0.0, 0.0, 0.0, 0.0, 0.0, 0.0, 0.0, 0.0, 0.0, 0.0, 0.0, 0.0, 0.0, 0.0, 0.0, 0.0, 0.0, 0.0, 0.0, 0.0, 0.0, 0.0, 0.0, 0.0, 0.0, 0.0, 0.0, 0.0, 0.0, 0.0, 0.0]",120
Kettle,5,"[2134.6, 2131.7, 2131.7, 2131.7, 2131.7, 2131.7, 2130.95, 2132.6666666666665, 2131.7, 2130.7, 2128.7, 2128.7, 2128.7, 2128.7, 2128.7, 2128.7, 2128.7, 2128.7, 2128.7, 2119.8, 2119.8, 2123.5571428571425, 2122.7, 2122.7, 2122.7, 2122.7, 2121.042857142857, 2121.733333333333, 2122.7, 2121.733333333333, 2121.975, 2121.54, 2122.7, 2120.766666666667, 2119.8, 2119.8, 2118.8, 2118.514285714286, 2118.8, 2119.8, 2118.8, 2116.8, 2116.8, 2116.8, 2114.7285714285713, 2112.9333333333334, 2113.9, 2114.866666666667, 2113.9, 2112.2428571428572, 2111.0, 2111.828571428571, 2113.9, 2113.9, 2113.9, 2113.9, 2113.32, 2113.9, 2113.9, 2115.9714285714285, 2119.8, 2119.8, 2117.3, 2116.8, 2117.6571428571433, 2116.8, 2116.8, 2117.3, 2116.8, 2116.8, 2114.7285714285713, 2115.1428571428573, 2116.8, 2116.8, 2118.8, 2118.514285714286, 2118.514285714286, 2116.8, 2116.8, 2116.8, 2116.8, 2116.8, 2116.8, 2116.8, 2116.8, 2116.8, 2116.8, 2114.3833333333337, 2116.316666666667, 2116.8, 2116.8, 2116.8, 2115.9714285714285, 2116.8, 2116.8, 2116.316666666667, 2113.0714285714284, 2113.9, 2113.9, 2114.7285714285713, 2115.35, 2117.2285714285717, 2115.35, 924.25, 39.9, 33.25, 0.0, 0.0, 0.0, 0.0, 0.0, 0.0, 0.0, 0.0, 0.0, 0.0, 0.0, 0.0, 0.0, 0.0]",120
Microwave,1,"[1104.9285714285713, 1100.4714285714285, 1088.5428571428572, 1087.7571428571428, 1088.9, 1088.557142857143, 1085.8999999999999, 1087.5285714285715, 1087.4142857142856, 1086.542857142857, 1084.8857142857144, 1087.9714285714285, 1090.4, 1088.857142857143, 1086.8999999999999, 763.25, 43.628571428571426, 37.6, 26.857142857142858, 0.0, 0.0, 0.0, 0.0, 0.0, 0.0, 0.0, 0.0, 0.0, 0.0, 0.0, 0.0, 0.0, 0.0, 0.0, 0.0, 0.0, 0.0, 0.0, 0.0, 0.0, 0.0, 0.0, 0.0, 0.0, 0.0, 0.0, 0.0, 0.0, 0.0, 0.0, 0.0, 0.0, 0.0, 0.0, 0.0, 0.0, 0.0, 0.0, 0.0, 0.0, 0.0, 0.0, 0.0, 0.0, 0.0, 0.0, 0.0, 0.0, 0.0, 0.0, 0.0, 0.0, 0.0, 0.0, 0.0, 0.0, 0.0, 0.0, 0.0, 0.0, 0.0, 0.0, 0.0, 0.0, 0.0, 0.0, 0.0, 0.0, 0.0, 0.0, 0.0, 0.0, 0.0, 0.0, 0.0, 0.0, 0.0, 0.0, 0.0, 0.0, 0.0, 0.0, 0.0, 0.0, 0.0, 0.0, 0.0, 0.0, 0.0, 0.0, 0.0, 0.0, 0.0, 0.0, 0.0, 0.0, 0.0, 0.0, 0.0, 0.0]",120
Microwave,2,"[1102.9857142857143, 1106.185714285714, 1105.9571428571428, 1103.1, 626.6571428571427, 44.81428571428571, 44.825, 44.675, 44.84285714285714, 44.775, 44.699999999999996, 44.74285714285714, 44.75, 44.725, 44.81428571428571, 44.81428571428571, 109.9125, 255.84285714285716, 1070.9142857142856, 1109.5, 1108.357142857143, 1107.6333333333334, 1105.1000000000001, 1101.5, 1103.4428571428573, 1106.0714285714287, 1104.9285714285713, 1104.1285714285716, 1104.5857142857144, 1106.4333333333332, 1106.9857142857143, 1104.9285714285713, 1105.3666666666666, 1105.6333333333334, 684.5428571428572, 44.8375, 44.9375, 44.871428571428574, 44.84285714285714, 44.8625, 44.85, 44.9125, 44.92857142857143, 45.0, 44.86666666666667, 44.9875, 127.38571428571429, 308.8875, 1110.8500000000001, 1112.0142857142857, 1109.3666666666666, 1104.9285714285713, 1103.4428571428573, 1104.2428571428572, 1105.1571428571428, 1102.3, 1103.2142857142858, 1105.8428571428572, 1104.0142857142857, 1101.8428571428572, 1103.6714285714286, 1106.4142857142856, 1106.5666666666666, 1104.2428571428572, 671.8285714285714, 44.9375, 44.87142857142857, 44.75, 44.857142857142854, 44.885714285714286, 44.775, 44.9375, 44.9, 44.800000000000004, 44.699999999999996, 44.76666666666667, 118.05714285714285, 243.47142857142856, 1025.9428571428573, 1104.7, 1102.7571428571428, 1102.4333333333332, 1100.5857142857144, 1098.9857142857143, 1100.8600000000001, 1104.7, 1104.1285714285716, 1101.0428571428572, 1101.5, 1102.3, 1101.8428571428572, 1100.4333333333334, 1101.2714285714285, 1103.4428571428573, 663.1142857142858, 44.875, 44.9, 44.857142857142854, 44.824999999999996, 44.94285714285714, 44.9125, 44.81428571428571, 44.875, 44.94285714285714, 44.82857142857143, 44.8375, 132.68571428571428, 280.9, 1101.4714285714285, 1106.757142857143, 1103.7, 1099.1, 1097.0428571428572, 1099.1000000000001, 1099.5, 1097.0428571428572, 1098.9666666666667, 1100.7, 1099.1, 1097.8428571428572]",120
Microwave,3,"[1123.6714285714286, 1117.6857142857143, 1116.0, 1114.142857142857, 1111.4428571428573, 1113.4285714285713, 1117.55, 1116.5857142857144, 1113.4428571428573, 1112.357142857143, 1113.7333333333333, 1114.6285714285716, 1112.4857142857143, 1112.5833333333333, 1114.4, 1113.2142857142858, 302.775, 44.971428571428575, 44.95, 44.84285714285714, 44.871428571428574, 44.7875, 45.0, 44.94285714285714, 44.87142857142857, 44.9125, 44.971428571428575, 44.9375, 200.42857142857142, 674.6285714285714, 1121.0857142857144, 1115.0666666666666, 1111.3833333333334, 1109.5, 1109.5, 1110.3, 1108.4714285714285, 1108.7, 1110.9857142857143, 1109.3666666666666, 1107.2142857142858, 1109.1571428571428, 1111.3666666666666, 1110.4599999999998, 1107.5, 1108.0333333333333, 250.21428571428572, 44.9875, 44.857142857142854, 44.84285714285714, 44.825, 44.75, 44.771428571428565, 44.75714285714286, 44.81666666666666, 44.957142857142856, 44.93333333333334, 44.8, 170.44, 433.6, 1116.225, 1109.7, 1108.5, 1106.8333333333333, 1104.06, 1105.5, 1108.5, 1106.46, 1103.7, 1103.9, 1105.1, 1106.5666666666666, 1105.1, 1105.5, 1106.9666666666665, 1105.7285714285715, 276.025, 45.0, 44.885714285714286, 44.8875, 44.771428571428565, 44.771428571428565, 44.825, 44.75714285714286, 44.65, 44.65714285714286, 44.62857142857143, 47.25714285714286, 215.1875, 830.1714285714286, 1109.742857142857, 1105.5, 1101.7285714285715, 1099.9, 1101.9571428571428, 1102.185714285714, 1099.8, 1099.5, 1101.2714285714285, 1099.9, 1096.9666666666665, 1097.8428571428572, 1100.814285714286, 1100.5666666666668, 1098.9857142857143, 1099.4428571428573, 168.5142857142857, 44.825, 44.75714285714286, 44.714285714285715, 44.84285714285714, 44.714285714285715, 44.714285714285715, 44.68571428571429, 44.728571428571435, 44.84285714285714, 44.7375, 44.642857142857146, 169.67142857142858, 566.1875]",120
Microwave,4,"[1208.1833333333334, 1252.8666666666668, 1249.0571428571427, 1247.3666666666668, 1250.4666666666665, 1250.3, 1245.8428571428572, 1242.2666666666667, 1244.2, 1246.2, 1244.8428571428572, 1243.7, 1244.5333333333335, 1242.1333333333332, 1237.6, 1237.9333333333332, 1242.3, 1244.5571428571427, 1240.0, 1236.4333333333332, 1237.4571428571428, 418.63333333333327, 43.957142857142856, 43.871428571428574, 43.84285714285714, 43.9, 43.84285714285714, 43.85, 113.975, 437.9857142857143, 1244.6833333333334, 1234.4571428571428, 1234.4333333333332, 1235.6, 1233.7666666666667, 1233.1, 1234.3142857142855, 1232.2666666666667, 1229.2666666666667, 1228.7666666666667, 1233.742857142857, 1236.1, 1232.2666666666667, 1228.2666666666667, 1230.1, 1232.4333333333332, 1230.4571428571428, 1228.9333333333332, 1230.7666666666667, 1229.9333333333332, 1226.4333333333332, 474.19999999999993, 44.01428571428572, 44.03333333333333, 44.05714285714286, 44.028571428571425, 44.2, 44.13333333333333, 124.14285714285714, 335.64285714285717, 1237.1, 1229.2, 1223.2, 1221.5571428571427, 1222.5333333333335, 1223.4142857142856, 1219.7333333333333, 1218.6333333333332, 1220.0333333333335, 1220.3666666666668, 1217.3333333333333, 1216.4285714285713, 1219.55, 1218.4666666666665, 1217.3, 1216.8, 1217.6571428571428, 1217.8, 1214.5666666666668, 1213.2333333333333, 1212.3857142857144, 408.06666666666666, 44.028571428571425, 44.1, 44.1, 44.15714285714286, 44.0, 44.07142857142857, 95.75, 398.7142857142857, 1216.7, 1208.4666666666665, 1207.6499999999999, 1207.3500000000001, 1204.95, 1204.8, 1204.8714285714286, 1205.1333333333332, 1202.75, 1201.0714285714287, 1203.0666666666668, 1203.0666666666668, 1201.3166666666666, 1200.5, 1201.5, 1200.8333333333333, 1198.7714285714285, 1197.7, 1198.6, 1198.45, 1196.0, 380.1666666666667, 44.0125, 43.86666666666667, 43.92857142857143, 44.01666666666667, 43.98571428571428, 43.971428571428575, 65.78571428571429, 211.4857142857143]",120
Microwave,5,"[775.3857142857142, 1106.3, 1103.5, 1103.1, 1099.3666666666666, 1096.814285714286, 1098.0333333333333, 1101.1000000000001, 1100.4714285714285, 1097.6142857142856, 1098.8714285714284, 1100.7, 1100.242857142857, 1098.4142857142856, 1099.6714285714286, 1100.7, 774.9833333333332, 45.028571428571425, 44.775, 44.875, 44.775, 44.8125, 44.67142857142857, 44.65714285714286, 44.6875, 44.6875, 44.75714285714286, 44.775, 99.11428571428571, 223.24285714285716, 950.2142857142857, 1104.9285714285713, 1100.4714285714285, 1088.5428571428572, 1087.7571428571428, 1088.9, 1088.557142857143, 1085.8999999999999, 1087.5285714285715, 1087.4142857142856, 1086.542857142857, 1084.8857142857144, 1087.9714285714285, 1090.4, 1088.857142857143, 1086.8999999999999, 763.25, 43.628571428571426, 37.6, 26.857142857142858, 0.0, 0.0, 0.0, 0.0, 0.0, 0.0, 0.0, 0.0, 0.0, 0.0, 0.0, 0.0, 0.0, 0.0, 0.0, 0.0, 0.0, 0.0, 0.0, 0.0, 0.0, 0.0, 0.0, 0.0, 0.0, 0.0, 0.0, 0.0, 0.0, 0.0, 0.0, 0.0, 0.0, 0.0, 0.0, 0.0, 0.0, 0.0, 0.0, 0.0, 0.0, 0.0, 0.0, 0.0, 0.0, 0.0, 0.0, 0.0, 0.0, 0.0, 0.0, 0.0, 0.0, 0.0, 0.0, 0.0, 0.0, 0.0, 0.0, 0.0, 0.0, 0.0, 0.0, 0.0, 0.0, 0.0, 0.0, 0.0, 0.0, 0.0]",120
Hair_straightener,1,"[237.5, 193.2125, 165.82857142857142, 148.92857142857142, 138.3125, 130.8, 124.825, 120.07142857142857, 116.34285714285714, 113.1875, 110.275, 107.75714285714285, 105.61428571428571, 103.4875, 101.54285714285713, 99.725, 98.29999999999998, 96.75714285714285, 95.4125, 94.05, 92.97142857142856, 91.775, 90.62857142857142, 89.60000000000001, 88.4875, 87.47142857142856, 86.5, 85.62857142857142, 84.82857142857142, 83.97142857142856, 83.11428571428571, 82.45, 81.61428571428571, 80.81428571428572, 80.3, 79.45714285714287, 78.68571428571428, 78.1, 77.41428571428571, 76.75714285714285, 76.3125, 75.68571428571428, 74.89999999999999, 74.35, 73.75714285714285, 73.2375, 72.74285714285715, 72.10000000000001, 71.4875, 71.05714285714286, 70.71428571428571, 70.25, 69.65714285714286, 69.15714285714286, 68.75714285714285, 68.37142857142858, 67.9125, 67.52857142857142, 67.21428571428571, 66.77142857142857, 66.3875, 65.9, 65.51428571428572, 65.1875, 64.83333333333333, 62.08571428571429, 32.2125, 1.4, 1.4, 1.4, 1.4, 1.4, 0.8857142857142856, 0.2, 0.2, 0.2, 0.20000000000000004, 0.2, 0.2, 0.2, 0.2, 0.2, 0.2, 0.2, 0.2, 0.2, 0.2, 0.2, 0.2, 0.2, 0.2, 0.2, 0.2, 0.2, 0.2, 0.2, 0.2, 0.2, 0.2, 0.2, 0.20000000000000004, 0.20000000000000004, 0.2, 587.1, 73.5, 73.5, 73.5, 73.5, 73.5, 0.20000000000000004, 0.2, 0.2, 0.2, 0.2, 0.2, 0.2, 0.2, 0.2, 0.2, 0.2]",120
Hair_straightener,2,"[232.54285714285714, 193.11428571428573, 167.8125, 150.3857142857143, 138.95, 131.13333333333333, 126.075, 121.35714285714286, 117.5, 114.37142857142855, 111.34285714285714, 108.75, 106.87142857142858, 104.4125, 102.61428571428571, 100.78571428571429, 99.225, 97.7, 96.51428571428572, 95.05, 93.89999999999999, 92.575, 91.60000000000001, 90.4875, 89.54285714285713, 88.425, 87.375, 86.54285714285713, 85.52499999999999, 84.62857142857142, 83.95714285714287, 83.125, 82.35714285714286, 81.575, 80.8, 80.18333333333334, 79.3875, 78.64285714285714, 78.02857142857144, 77.41428571428571, 76.75714285714285, 76.225, 75.58571428571429, 74.925, 74.25714285714285, 73.81428571428572, 73.14285714285714, 72.71428571428571, 72.2875, 71.5625, 71.15714285714286, 70.4875, 70.22857142857143, 69.6, 69.32857142857142, 46.0625, 32.6, 32.6, 32.6, 32.6, 24.5, 0.2, 0.2, 0.2, 0.2, 0.2, 0.2, 0.2, 0.2, 0.2, 0.2, 0.2, 0.2, 0.2, 0.2, 0.2, 0.2, 0.21428571428571427, 0.3, 0.3, 0.3, 0.3, 0.3, 0.3, 0.2375, 0.2, 0.2, 0.2, 0.2, 0.2, 0.2, 0.2, 0.2, 0.2, 0.2, 0.2, 0.2, 0.2, 0.2, 0.20000000000000004, 531.7142857142857, 95.5, 95.5, 95.5, 41.1, 0.3, 0.3, 0.3, 0.3, 0.3, 0.2571428571428572, 0.2, 0.2, 0.20000000000000004, 0.2, 0.2, 0.2, 0.2, 0.2, 0.2]",120
Hair_straightener,3,"[122.8, 122.8, 122.8, 105.27142857142857, 0.10000000000000002, 0.10000000000000002, 0.1, 0.1, 0.10000000000000002, 0.2, 0.0, 0.0, 0.0, 0.0, 0.0, 905.8666666666667, 476.95, 248.8, 202.05, 168.06666666666666, 145.6, 135.7, 128.85000000000002, 124.46666666666665, 120.6, 118.35, 116.2, 114.3, 111.13333333333333, 107.85, 106.25, 104.45, 102.2, 100.1, 98.65, 97.35, 96.0, 94.46666666666665, 92.9, 92.0, 90.9, 89.94999999999999, 88.66666666666667, 87.65, 86.7, 86.05, 84.8, 83.85, 83.25, 82.15, 81.55000000000001, 80.76666666666667, 80.1, 79.15, 78.75, 77.96666666666667, 77.25, 76.9, 76.05, 75.55000000000001, 74.93333333333334, 74.19999999999999, 73.85, 73.15, 72.73333333333333, 72.15, 71.55000000000001, 71.4, 70.76666666666667, 70.25, 69.7, 69.3, 68.9, 68.53333333333333, 67.95, 68.05, 67.4, 67.1, 66.43333333333334, 66.85, 65.95, 65.75, 65.26666666666667, 30.6, 30.6, 30.6, 30.6, 30.600000000000005, 30.6, 0.2, 0.2, 0.20000000000000004, 0.2, 0.2, 0.2, 0.20000000000000004, 0.2, 0.2, 0.2, 0.2, 0.20000000000000004, 0.2, 0.2, 0.2, 0.20000000000000004, 0.2, 0.25, 0.3, 0.3, 0.3, 0.3, 0.25, 0.2, 0.2, 0.20000000000000004, 0.2, 0.2, 0.2, 0.20000000000000004, 0.2]",120
Hair_straightener,4,"[76.55, 76.05, 75.46666666666667, 74.88571428571429, 74.13333333333334, 73.60000000000001, 73.10000000000001, 72.64999999999999, 72.11428571428571, 71.51428571428572, 70.96666666666667, 70.54285714285713, 70.06666666666668, 69.61428571428571, 69.15714285714286, 68.78333333333333, 68.44285714285715, 67.98571428571428, 67.45714285714286, 67.10000000000001, 66.75, 66.34285714285714, 65.9, 65.51666666666667, 65.21428571428571, 64.92857142857143, 58.214285714285715, 10.083333333333334, 1.7, 1.7, 1.7, 1.7, 1.7, 0.6285714285714287, 0.2, 0.2, 0.20000000000000004, 0.2, 0.2, 0.20000000000000004, 0.20000000000000004, 0.2, 0.20000000000000004, 0.2, 0.2, 0.2, 0.2, 0.20000000000000004, 0.2, 0.2, 0.20000000000000004, 0.2, 0.2, 0.20000000000000004, 0.20000000000000004, 0.2, 0.20000000000000004, 0.2, 0.2, 0.2, 0.20000000000000004, 0.2, 0.20000000000000004, 258.68333333333334, 393.11428571428576, 30.2, 30.2, 30.2, 30.2, 30.2, 30.2, 30.2, 0.10000000000000002, 0.1, 0.1, 0.10000000000000002, 0.18571428571428572, 0.3, 0.3, 0.3, 701.2333333333335, 49.528571428571425, 36.5, 36.5, 36.5, 36.5, 36.5, 24.400000000000002, 0.2, 0.20000000000000004, 0.2, 0.20000000000000004, 0.20000000000000004, 0.2, 0.2, 0.20000000000000004, 0.2, 0.2, 0.20000000000000004, 0.2, 0.2, 719.6166666666667, 84.9, 84.9, 70.83333333333333, 0.5, 0.5, 0.5, 0.5, 0.5, 0.37142857142857144, 0.2, 0.20000000000000004, 0.2, 0.2, 0.26666666666666666, 0.3, 0.3, 0.3, 0.3]",120
Hair_straightener,5,"[129.35714285714286, 121.25714285714285, 116.08333333333333, 111.87142857142858, 108.41428571428571, 105.37142857142858, 102.8, 100.81428571428572, 98.71428571428571, 96.84285714285714, 95.23333333333333, 93.87142857142858, 92.41666666666667, 91.35714285714286, 89.78571428571429, 88.78333333333335, 87.8, 86.78571428571429, 85.78333333333335, 84.92857142857143, 84.08571428571429, 83.25714285714285, 82.3, 81.58571428571429, 80.95, 80.04285714285713, 79.3142857142857, 78.73333333333333, 78.02857142857144, 77.5, 76.93333333333334, 76.08571428571429, 75.6, 75.12857142857142, 74.4, 73.86666666666667, 73.11666666666666, 72.75, 72.15714285714286, 71.64999999999999, 71.08571428571429, 70.76666666666667, 70.18333333333334, 69.81428571428572, 69.27142857142857, 68.73333333333333, 68.42857142857143, 68.07142857142857, 67.58333333333333, 67.25, 66.91428571428571, 66.34285714285714, 65.91666666666667, 44.2, 40.7, 40.7, 33.983333333333334, 0.4000000000000001, 0.4000000000000001, 0.4000000000000001, 0.4, 0.4, 0.28, 0.20000000000000004, 0.2, 0.2, 0.2, 0.2, 0.20000000000000004, 0.2, 0.20000000000000004, 0.2, 0.20000000000000004, 0.2, 0.2, 0.20000000000000004, 0.2, 0.2, 0.20000000000000004, 0.20000000000000004, 0.20000000000000004, 0.20000000000000004, 0.2, 0.2, 0.20000000000000004, 0.2, 0.2, 0.20000000000000004, 0.20000000000000004, 0.2, 505.5857142857143, 38.1, 38.1, 38.1, 38.1, 38.1, 38.1, 38.1, 31.766666666666666, 0.10000000000000002, 0.10000000000000002, 0.1, 0.1, 0.10000000000000002, 0.15714285714285717, 0.2, 627.85, 75.7, 75.7, 75.7, 75.7, 75.7, 75.7, 75.7, 75.7, 75.7, 75.7, 0.0, 0.0, 0.0]",120
Slushi_maker,1,"[45.26666666666667, 44.9, 45.1, 45.2, 45.166666666666664, 45.25, 45.150000000000006, 45.25, 45.06666666666666, 45.15, 45.2, 45.0, 45.05, 45.0, 44.9, 45.099999999999994, 44.8, 44.8, 45.0, 44.7, 45.099999999999994, 44.8, 44.93333333333334, 44.900000000000006, 44.9, 45.0, 44.9, 44.900000000000006, 44.95, 44.8, 45.05, 44.86666666666667, 44.75, 44.75, 44.7, 44.9, 44.86666666666667, 44.85, 44.95, 44.7, 44.800000000000004, 44.65, 44.7, 44.85, 44.86666666666667, 44.95, 44.95, 44.8, 44.95, 44.93333333333334, 45.1, 44.9, 44.8, 44.93333333333334, 44.75, 44.849999999999994, 44.8, 44.55, 44.833333333333336, 44.55, 44.849999999999994, 44.75, 44.7, 44.699999999999996, 44.4, 44.7, 44.55, 44.53333333333333, 44.7, 44.4, 44.75, 44.6, 44.55, 44.8, 44.6, 44.8, 44.63333333333333, 44.55, 44.7, 44.55, 44.70000000000001, 44.4, 44.7, 44.7, 44.650000000000006, 44.46666666666667, 44.3, 44.400000000000006, 44.599999999999994, 44.4, 44.599999999999994, 44.4, 44.349999999999994, 44.6, 44.56666666666666, 44.4, 44.6, 44.349999999999994, 44.56666666666666, 44.4, 44.599999999999994, 44.6, 44.5, 44.6, 44.25, 44.6, 44.55, 44.43333333333334, 44.8, 44.4, 44.45, 44.55, 44.53333333333333, 44.7, 44.3, 44.65, 44.8, 44.5, 44.9, 844.45]",120
Slushi_maker,2,"[160.10000000000002, 160.56666666666666, 160.05, 160.75, 160.89999999999998, 160.7, 160.43333333333334, 160.7, 160.3, 160.5, 160.5, 161.1, 160.35, 160.8, 160.2, 160.6, 160.35000000000002, 161.5, 160.5, 161.20000000000002, 161.2, 160.33333333333334, 161.2, 160.25, 160.73333333333335, 160.5, 160.75, 161.75, 160.95, 161.13333333333335, 161.55, 160.3, 160.89999999999998, 161.6, 160.85, 161.25, 161.25, 160.35, 161.33333333333334, 161.14999999999998, 161.3, 161.39999999999998, 161.4333333333333, 161.85000000000002, 162.25, 161.35, 161.23333333333332, 162.3, 162.4, 161.8, 162.7, 161.73333333333332, 161.89999999999998, 161.4, 162.15, 161.45, 83.16666666666667, 43.85, 43.8, 43.75, 43.833333333333336, 43.7, 43.8, 43.75, 43.800000000000004, 43.6, 43.75, 43.8, 43.6, 43.666666666666664, 43.849999999999994, 43.65, 43.8, 43.63333333333333, 43.75, 43.650000000000006, 43.7, 43.650000000000006, 43.666666666666664, 43.5, 43.75, 43.65, 43.53333333333333, 43.5, 43.75, 43.5, 43.6, 43.46666666666667, 43.599999999999994, 43.4, 43.3, 43.53333333333333, 43.55, 43.349999999999994, 43.55, 43.5, 43.56666666666666, 43.55, 43.55, 43.55, 43.75, 43.56666666666666, 43.55, 43.7, 43.650000000000006, 43.63333333333333, 43.6, 43.650000000000006, 43.95, 43.45, 43.800000000000004, 43.5, 43.55, 43.7, 43.6, 43.8, 43.75, 43.75, 43.85, 43.76666666666667]",120
Slushi_maker,3,"[163.60000000000002, 43.6, 43.6, 43.666666666666664, 43.4, 43.55, 43.6, 43.4, 43.4, 43.45, 43.5, 43.6, 43.46666666666667, 43.5, 43.349999999999994, 43.4, 43.5, 43.333333333333336, 43.5, 43.349999999999994, 43.5, 43.46666666666667, 43.599999999999994, 43.55, 43.4, 43.55, 43.333333333333336, 43.35, 43.4, 43.35, 43.46666666666667, 43.3, 43.3, 43.349999999999994, 43.3, 43.26666666666667, 43.3, 43.349999999999994, 43.3, 43.333333333333336, 43.45, 43.400000000000006, 43.55, 43.4, 43.4, 43.4, 43.55, 43.5, 43.5, 43.5, 43.55, 43.4, 43.5, 43.4, 43.7, 43.45, 43.65, 43.666666666666664, 43.45, 43.75, 43.6, 43.8, 43.699999999999996, 43.7, 43.599999999999994, 43.4, 43.73333333333333, 43.6, 43.75, 43.75, 43.55, 43.666666666666664, 43.45, 43.650000000000006, 43.65, 43.666666666666664, 43.8, 43.6, 43.5, 43.7, 43.666666666666664, 43.95, 43.4, 43.75, 43.56666666666666, 43.85, 43.35, 43.150000000000006, 43.650000000000006, 43.5, 43.55, 43.55, 43.349999999999994, 43.56666666666666, 43.65, 43.45, 43.55, 43.5, 43.53333333333333, 43.45, 43.650000000000006, 43.45, 43.5, 43.55, 43.25, 43.35, 43.4, 43.43333333333334, 43.7, 43.3, 43.8, 43.63333333333333, 43.55, 43.7, 43.55, 43.63333333333333, 43.6, 43.900000000000006, 43.900000000000006, 43.45]",120
Slushi_maker,4,"[159.8, 158.93333333333334, 159.95, 158.7, 159.8, 159.75, 159.4, 158.8, 159.0, 160.0, 159.20000000000002, 159.6, 159.5, 159.15, 159.63333333333333, 159.25, 160.45, 159.85, 159.55, 160.3, 159.66666666666666, 160.7, 159.95, 159.95, 161.0, 160.1, 160.4, 160.4, 161.16666666666666, 160.3, 160.95, 160.10000000000002, 160.56666666666666, 160.05, 160.75, 160.89999999999998, 160.7, 160.43333333333334, 160.7, 160.3, 160.5, 160.5, 161.1, 160.35, 160.8, 160.2, 160.6, 160.35000000000002, 161.5, 160.5, 161.20000000000002, 161.2, 160.33333333333334, 161.2, 160.25, 160.73333333333335, 160.5, 160.75, 161.75, 160.95, 161.13333333333335, 161.55, 160.3, 160.89999999999998, 161.6, 160.85, 161.25, 161.25, 160.35, 161.33333333333334, 161.14999999999998, 161.3, 161.39999999999998, 161.4333333333333, 161.85000000000002, 162.25, 161.35, 161.23333333333332, 162.3, 162.4, 161.8, 162.7, 161.73333333333332, 161.89999999999998, 161.4, 162.15, 161.45, 83.16666666666667, 43.85, 43.8, 43.75, 43.833333333333336, 43.7, 43.8, 43.75, 43.800000000000004, 43.6, 43.75, 43.8, 43.6, 43.666666666666664, 43.849999999999994, 43.65, 43.8, 43.63333333333333, 43.75, 43.650000000000006, 43.7, 43.650000000000006, 43.666666666666664, 43.5, 43.75, 43.65, 43.53333333333333, 43.5, 43.75, 43.5, 43.6, 43.46666666666667, 43.599999999999994]",120
Slushi_maker,5,"[43.55, 43.63333333333333, 43.6, 43.900000000000006, 43.900000000000006, 43.45, 43.6, 43.4, 43.7, 43.650000000000006, 43.5, 43.699999999999996, 43.349999999999994, 43.75, 43.7, 43.46666666666667, 43.75, 43.349999999999994, 43.6, 43.45, 43.63333333333333, 43.599999999999994, 43.4, 43.8, 43.56666666666666, 43.55, 43.45, 43.5, 43.6, 43.53333333333333, 43.650000000000006, 43.5, 43.4, 43.56666666666666, 43.150000000000006, 43.650000000000006, 43.7, 43.5, 43.46666666666667, 43.45, 43.7, 43.349999999999994, 43.56666666666666, 43.55, 43.3, 43.45, 43.25, 43.43333333333334, 43.55, 43.25, 43.349999999999994, 43.43333333333334, 43.4, 43.599999999999994, 43.15, 43.46666666666667, 43.35, 43.75, 43.3, 43.5, 43.5, 43.3, 43.55, 43.65, 43.5, 43.53333333333333, 43.2, 345.34999999999997, 225.75, 175.96666666666667, 178.0, 179.1, 181.05, 182.2, 182.63333333333333, 182.89999999999998, 182.35000000000002, 181.55, 180.36666666666667, 178.95, 177.45, 175.25, 173.6, 171.53333333333333, 170.35, 169.65, 168.5, 167.79999999999998, 166.45, 165.89999999999998, 164.95, 164.6, 163.4, 163.4, 163.2, 162.3, 162.66666666666666, 161.75, 161.8, 161.14999999999998, 161.5666666666667, 160.7, 161.6, 160.4, 160.9, 159.9333333333333, 160.2, 160.85000000000002, 159.39999999999998, 159.89999999999998, 158.9333333333333, 159.15, 159.9, 159.8, 158.93333333333334, 159.95, 158.7, 159.8, 159.75, 159.4]",120
Steamer,1,"[4.0, 4.0, 4.0, 4.0, 4.0, 4.3, 4.0, 4.0, 4.0, 841.0, 1678.0, 1676.0, 1673.0, 1670.75, 1667.5, 1667.875, 1667.3076923076924, 1668.8181818181818, 1668.8333333333333, 1673.2222222222222, 1675.0, 1673.0, 1673.0, 1673.0, 1673.0, 1673.0, 1671.0, 1666.5384615384614, 1666.6923076923076, 1664.7692307692307, 1661.2, 1660.4615384615386, 1664.1818181818182, 1358.888888888889, 5.666666666666667, 4.0, 4.0, 4.0, 4.0, 4.0, 4.0, 4.0, 4.0, 1003.2727272727273, 1675.2727272727273, 1673.3076923076924, 1671.8, 1671.0, 1671.0, 1671.0, 1670.7142857142858, 1669.5, 1670.0, 1668.1666666666667, 1664.3846153846155, 1664.0, 1660.0, 1663.5, 1664.0, 1664.0, 1663.2, 1664.0, 1664.0, 1664.25, 1664.4583333333335, 1664.6666666666667, 1664.25, 953.1111111111111, 13.666666666666666, 4.0, 4.0, 4.0, 4.0, 4.0, 4.0, 4.0, 4.0, 1235.25, 1672.3333333333333, 1671.0, 1670.75, 1671.0, 1669.0, 1669.0, 1668.75, 1668.7777777777778, 1671.6, 1671.0, 1670.25, 1671.0, 1671.0, 1665.25, 1657.142857142857, 1655.6923076923076, 1657.1666666666667, 1660.923076923077, 1662.0, 1660.5714285714287, 1661.6190476190477, 1662.6666666666667, 1662.0, 1664.6666666666667, 136.72727272727272, 3.5, 4.0, 4.0, 4.0, 4.0, 4.0, 4.0, 4.0, 1052.0, 1677.3333333333333, 1674.6153846153845, 1672.0, 1668.090909090909, 1666.7142857142858, 1667.0, 1666.6666666666667, 1665.4285714285713]",120
Steamer,2,"[1666.2, 1664.3333333333333, 1664.0, 1664.0, 1664.0, 1662.6666666666667, 1661.75, 1660.4, 1662.0, 1663.6666666666667, 1665.3333333333333, 1667.0, 1667.0, 1667.0, 1669.4444444444443, 1667.0, 1666.111111111111, 1667.0, 1667.0, 1667.4, 1668.2, 1669.0, 1669.0, 1668.6, 1668.142857142857, 1667.5714285714284, 1667.0, 1666.5555555555557, 1666.5555555555557, 1667.0, 1667.0, 1667.0, 1665.0, 1665.0, 1665.4, 1667.0, 1666.0, 1665.0, 1665.0, 1665.0, 1665.0, 834.3333333333334, 3.6666666666666665, 4.044444444444444, 4.4222222222222225, 4.8, 5.0, 5.0, 5.0, 522.4, 1094.6999999999998, 1667.0, 1665.0, 1663.7777777777778, 1662.4, 1664.0, 1663.6, 1663.2, 1664.4, 1664.0, 1660.0, 1656.0, 1656.0, 1656.0, 1661.3333333333333, 1662.8095238095239, 1664.2857142857142, 1662.6666666666667, 1663.6, 1664.0, 1664.0, 1664.0, 1664.0, 1664.0, 1665.3333333333333, 1665.4, 1665.6666666666667, 1666.3333333333335, 1667.0, 1667.0, 1666.4814814814815, 1665.9629629629628, 1665.4444444444443, 1665.6666666666667, 1664.8333333333335, 1664.0, 1664.0, 1664.0, 1663.0, 184.4, 5.0, 4.666666666666666, 4.333333333333333, 4.222222222222222, 4.6, 4.0, 4.0, 911.4444444444445, 1162.4391534391534, 1413.4338624338625, 1664.4285714285713, 1667.0, 1665.8, 1664.6, 1664.6, 1664.4444444444443, 1665.0, 1665.5555555555554, 1666.111111111111, 1667.0, 1667.7777777777778, 1668.5555555555557, 1670.5555555555557, 1671.0, 1671.0, 1665.8, 1669.5, 1670.0, 1670.5, 1671.0]",120
Steamer,3,"[1676.6666666666667, 1676.4444444444446, 1676.2222222222222, 1676.0, 1669.375, 1667.5, 1667.4, 1667.0, 1667.0, 1665.0, 1665.0, 1664.111111111111, 1664.0, 1664.125, 1664.2, 1664.1333333333334, 1664.0666666666666, 1664.0, 1664.0, 1664.0, 1664.0, 1664.0, 1663.0, 1662.0, 1662.0, 1549.0, 11.777777777777779, 5.0, 4.75, 5.0, 5.0, 5.0, 5.0, 5.0, 5.0, 5.0, 1102.8, 1665.888888888889, 1664.4, 1662.0, 1660.0, 1658.0, 1658.5714285714287, 1660.0, 1660.0, 1660.0, 1660.0, 1660.0, 1660.0, 1661.111111111111, 1663.2, 1663.3333333333333, 1662.0, 1662.6666666666667, 1662.0, 1664.0, 1664.0, 1662.8, 1664.2, 1664.5, 1664.0, 1664.0, 1664.5, 1665.0, 1665.0, 1665.0, 1665.4, 1664.2, 1664.2222222222222, 1664.2, 905.725, 147.25, 4.4, 5.0, 4.8, 5.0, 5.0, 5.0, 5.0, 1116.2, 1666.2, 1664.3333333333333, 1664.0, 1664.0, 1664.0, 1662.6666666666667, 1661.75, 1660.4, 1662.0, 1663.6666666666667, 1665.3333333333333, 1667.0, 1667.0, 1667.0, 1669.4444444444443, 1667.0, 1666.111111111111, 1667.0, 1667.0, 1667.4, 1668.2, 1669.0, 1669.0, 1668.6, 1668.142857142857, 1667.5714285714284, 1667.0, 1666.5555555555557, 1666.5555555555557, 1667.0, 1667.0, 1667.0, 1665.0, 1665.0, 1665.4, 1667.0, 1666.0, 1665.0, 1665.0, 1665.0]",120
Steamer,4,"[1663.0833333333333, 1658.4, 1660.0, 1663.5, 1667.0, 1666.6666666666667, 1666.3333333333335, 1666.0, 1665.6666666666667, 1666.6363636363637, 1665.0, 280.57142857142856, 3.5, 4.0, 4.0, 4.0, 4.0, 4.0, 4.0, 841.0, 1678.0, 1676.6, 1674.4545454545455, 1671.5, 1669.8, 1672.2, 1671.0, 1669.0, 1667.0, 1667.0, 1667.0, 1667.0, 1669.0, 1668.2307692307693, 1666.4545454545455, 1666.2727272727273, 1667.0, 1667.5, 1667.0, 1667.6666666666667, 1666.904761904762, 1666.142857142857, 1668.6923076923076, 1669.0, 1669.0, 1669.0, 1669.0, 1370.7272727272727, 1072.4545454545455, 538.3636363636364, 4.2727272727272725, 4.153846153846154, 4.0, 4.0, 4.0, 4.0, 4.0, 4.0, 852.8333333333334, 1678.4, 1676.7272727272727, 1675.3333333333333, 1674.142857142857, 1671.5, 1671.0, 1674.6, 1675.0, 1673.0, 1673.0, 1673.0, 1673.0, 1673.0, 1671.4285714285713, 1671.3076923076924, 1672.6923076923076, 1673.0, 1671.5, 1671.0, 1671.3636363636363, 1671.4285714285713, 1671.0, 1671.4, 1673.0, 1672.0, 1671.0, 1670.2, 1669.0, 1446.0, 725.0, 4.0, 4.0, 4.0, 4.0, 4.0, 4.0, 4.230769230769231, 4.0, 1424.888888888889, 1680.3333333333333, 1678.4285714285713, 1676.0, 1675.4166666666667, 1674.8333333333333, 1674.25, 1675.0, 1673.0, 1671.0, 1671.0, 1671.5, 1672.0, 1673.0, 1673.0, 1675.0, 1675.0, 1675.0, 1675.1818181818182, 1675.7333333333333, 1673.909090909091, 1673.0, 1674.6923076923076]",120
Steamer,5,"[4.0, 4.4, 4.5, 4.0, 4.636363636363637, 5.0, 4.6, 1174.6, 1671.8, 1669.0, 1667.0, 1665.8, 1665.8, 1662.0, 1663.2, 1664.2, 1664.0, 1664.0, 1664.0, 1664.0, 1664.8, 1665.0, 1664.2, 1664.2, 1665.8, 1665.0, 1660.0, 1660.0, 1662.0, 1669.0, 1669.0, 1669.0, 1670.6, 1671.0, 1671.0, 1669.4, 1669.0, 1669.0, 1668.2, 1668.2, 1667.8, 1671.0, 1672.1666666666667, 1671.8, 1672.2, 1671.0, 1671.4444444444443, 663.7272727272727, 3.111111111111111, 4.0, 4.0, 4.4, 4.444444444444445, 4.75, 4.3, 533.9166666666666, 1680.5454545454545, 1677.6, 1675.2, 1673.0, 1673.0, 1671.8, 1670.6, 1669.0, 1665.3, 1665.6, 1667.8, 1670.6, 1671.8, 1671.4, 1670.6, 1669.4, 1669.8, 1669.4, 1670.6, 1673.0, 1671.8, 1671.0, 1671.0, 1670.6, 1669.8, 1669.0, 1670.2, 1672.2, 1666.8, 1662.0, 1662.0, 1662.0, 1663.4, 1662.0, 821.8, 4.0, 4.0, 4.2, 4.0, 4.0, 4.0, 4.0, 4.4, 1056.8, 1673.8, 1671.0, 1667.8, 1667.0, 1667.0, 1667.0, 1666.6363636363637, 1667.0, 1669.0, 1670.2, 1670.6, 1673.0, 1673.4, 1673.0, 1675.2, 1676.0, 1676.0, 1676.0, 1676.0, 1676.0]",120
